{"name":"83812fb6-d5ad-4b3e-9640-3b522fe8decd","id":"/providers/Microsoft.Flow/flows/83812fb6-d5ad-4b3e-9640-3b522fe8decd","type":"Microsoft.Flow/flows","properties":{"apiId":"/providers/Microsoft.PowerApps/apis/shared_logicflows","displayName":"My Daily Summary","definition":{"metadata":{"workflowEntityId":null,"processAdvisorMetadata":null,"flowChargedByPaygo":null,"flowclientsuspensionreason":"None","flowclientsuspensiontime":null,"flowclientsuspensionreasondetails":null,"creator":{"id":"981dffe4-d5c6-4fc1-8109-5a12ea39a4af","type":"User","tenantId":"bfaa46b4-822d-4bd6-82f2-397bbc569c94"},"provisioningMethod":"FromDefinition","failureAlertSubscription":true,"clientLastModifiedTime":"2023-04-27T08:14:43.0067705Z"},"$schema":"https://schema.management.azure.com/providers/Microsoft.Logic/schemas/2016-06-01/workflowdefinition.json#","contentVersion":"1.0.0.0","parameters":{"$connections":{"defaultValue":{},"type":"Object"},"$authentication":{"defaultValue":{},"type":"SecureObject"}},"triggers":{"Recurrence":{"recurrence":{"frequency":"Week","interval":1,"startTime":"2023-02-25T06:00:00.000Z","schedule":{"weekDays":["Monday","Tuesday","Wednesday","Thursday","Friday"],"hours":["8"]}},"metadata":{"operationMetadataId":"cc98f5b3-9012-49cf-83e2-f754536a095c"},"type":"Recurrence"}},"actions":{"Get_calendar_view_of_events_(V3)":{"runAfter":{"Get_my_profile_(V2)":["Succeeded"]},"metadata":{"operationMetadataId":"06ca7507-9a03-449c-b5e0-d9b5d59e55b7"},"type":"OpenApiConnection","inputs":{"host":{"apiId":"/providers/Microsoft.PowerApps/apis/shared_office365","connectionName":"shared_office365","operationId":"GetEventsCalendarViewV3"},"parameters":{"calendarId":"AAMkAGVmMjUzYjk0LWQ0NDctNGI2YS1hYTdiLTczYjJjZWM5ZTI3NgBGAAAAAADaocZ4oU7aQqXev6J8zetABwAR9K5c847kTZz3DPc3Jqo6AAAAAAEGAAAR9K5c847kTZz3DPc3Jqo6AAAFSL_PAAA=","startDateTimeUtc":"@utcNow()","endDateTimeUtc":"@addHours(utcNow(),10)","$orderby":"Start/DateTime Asc"},"authentication":"@parameters('$authentication')"}},"Get_my_profile_(V2)":{"runAfter":{},"metadata":{"operationMetadataId":"67f18edd-0f32-4ae8-bac4-aa8e47166286"},"type":"OpenApiConnection","inputs":{"host":{"apiId":"/providers/Microsoft.PowerApps/apis/shared_office365users","connectionName":"shared_office365users","operationId":"MyProfile_V2"},"parameters":{},"authentication":"@parameters('$authentication')"}},"Send_an_email_from_a_shared_mailbox_(V2)":{"runAfter":{"Create_HTML_table_2":["Succeeded"]},"metadata":{"operationMetadataId":"7afa3fa1-0b0a-4a6c-9fa5-12378ff9e7d6"},"type":"OpenApiConnection","inputs":{"host":{"apiId":"/providers/Microsoft.PowerApps/apis/shared_office365","connectionName":"shared_office365","operationId":"SharedMailboxSendEmailV2"},"parameters":{"emailMessage/MailboxAddress":"mydailysummary@7rp1hs.onmicrosoft.com","emailMessage/To":"@outputs('Get_my_profile_(V2)')?['body/mail']","emailMessage/Subject":"Your daily summary","emailMessage/Body":"<style>\n\ntable {\n       \n       \n   }\n   tr, td {\n       border: 1px solid black;\n border-collapse: collapse;\n     \n   }\ntable td {\n\ntext-align:center;\n\nbackground: #ffffff;\ncolor: #313030;\n}\n\ntable th {\n\npadding:5px;\nbackground: #1F5DA0;\ncolor: #FFFFFF;\n}\n</style>\n@{body('Create_HTML_table_2')}","emailMessage/Importance":"Normal"},"authentication":"@parameters('$authentication')"}},"Create_HTML_table_2":{"runAfter":{"Get_calendar_view_of_events_(V3)":["Succeeded"]},"metadata":{"operationMetadataId":"67dc5f15-a6ea-4e40-b706-e07ece732b75"},"type":"Table","inputs":{"from":"@outputs('Get_calendar_view_of_events_(V3)')?['body/value']","format":"HTML","columns":[{"header":"Meeting","value":"@item()?['subject']"},{"header":"Location","value":"@item()?['location']"},{"header":"StartTime","value":"@convertTimeZone(item()?['Start'], 'UTC', 'GMT Standard Time', 't')"},{"header":"EndTime","value":"@convertTimeZone(item()?['End'], 'UTC', 'GMT Standard Time', 't')"}]}}}},"connectionReferences":{"shared_office365":{"connectionName":"3dce0824000a424ab6e2bd51f8b933a7","source":"Embedded","id":"/providers/Microsoft.PowerApps/apis/shared_office365","tier":"NotSpecified"},"shared_office365users":{"connectionName":"7f2b7a43eb1948e2a78025a50d502052","source":"Embedded","id":"/providers/Microsoft.PowerApps/apis/shared_office365users","tier":"NotSpecified"}},"flowFailureAlertSubscribed":false,"isManaged":false}}